total_length_km,relays,noise,trials,correct_sifted_bps_n,correct_sifted_bps_mean,correct_sifted_bps_std,correct_sifted_bps_sem,sifted_bps_n,sifted_bps_mean,sifted_bps_std,sifted_bps_sem,qber_n,qber_mean,qber_std,qber_sem
1,0,none,2,2,491.0,32.526911934581186,23.0,2,491.0,32.526911934581186,23.0,2,0.0,0.0,0.0
1,0,historical-rotation,2,2,487.0,9.899494936611665,6.999999999999999,2,487.0,9.899494936611665,6.999999999999999,2,0.0,0.0,0.0
1,1,none,2,2,508.5,21.920310216782973,15.499999999999998,2,508.5,21.920310216782973,15.499999999999998,2,0.0,0.0,0.0
1,1,historical-rotation,2,2,480.5,17.67766952966369,12.5,2,480.5,17.67766952966369,12.5,2,0.0,0.0,0.0
50,0,none,2,2,183.5,3.5355339059327378,2.5,2,183.5,3.5355339059327378,2.5,2,0.0,0.0,0.0
50,0,historical-rotation,2,2,146.0,5.656854249492381,4.0,2,176.0,16.97056274847714,11.999999999999998,2,0.16813700051894137,0.04807005103032574,0.033990659055526715
50,1,none,2,2,301.0,5.656854249492381,4.0,2,301.0,5.656854249492381,4.0,2,0.0,0.0,0.0
50,1,historical-rotation,2,2,280.5,4.949747468305833,3.4999999999999996,2,298.5,2.1213203435596424,1.4999999999999998,2,0.056506407499784986,0.007328319182332415,0.005181904188526705
100,0,none,2,2,73.5,4.949747468305833,3.4999999999999996,2,73.5,4.949747468305833,3.4999999999999996,2,0.0,0.0,0.0
100,0,historical-rotation,2,2,37.0,11.313708498984761,8.0,2,69.5,10.606601717798213,7.5,2,0.4739212400502723,0.08250072834539313,0.05833682446585669
100,1,none,2,2,170.5,9.192388155425117,6.499999999999999,2,170.5,9.192388155425117,6.499999999999999,2,0.0,0.0,0.0
100,1,historical-rotation,2,2,134.0,8.48528137423857,5.999999999999999,2,162.0,11.313708498984761,8.0,2,0.17215803736984736,0.021179920703063036,0.014976465554129221
150,0,none,2,2,22.5,3.5355339059327378,2.5,2,22.5,3.5355339059327378,2.5,2,0.0,0.0,0.0
150,0,historical-rotation,2,2,12.0,2.8284271247461903,2.0,2,27.5,2.1213203435596424,1.4999999999999998,2,0.5663129973474801,0.06939774775570891,0.04907161803713527
150,1,none,2,2,107.5,2.1213203435596424,1.4999999999999998,2,107.5,2.1213203435596424,1.4999999999999998,2,0.0,0.0,0.0
150,1,historical-rotation,2,2,76.5,0.7071067811865476,0.5,2,114.0,5.656854249492381,4.0,2,0.3243530892533225,0.02260343929051138,0.01598304520045904
