trial,sessions,send_rate_hz,session,source,destination,hops,attempted_full_run,completed,eps,mean_fidelity
0,2,5,0,n9,n1,2,11,9,4.5,0.917291622739366
0,2,5,1,n10,n2,3,11,8,4.0,0.8638828706489671
0,2,30,0,n9,n1,2,61,52,26.0,0.917291622739366
0,2,30,1,n10,n2,3,61,47,23.5,0.8638828706489671
0,2,100,0,n9,n1,2,201,171,85.5,0.917291622739366
0,2,100,1,n10,n2,3,201,153,76.5,0.8638828706489671
0,4,5,0,n9,n1,2,11,9,4.5,0.917291622739366
0,4,5,1,n10,n2,3,11,8,4.0,0.8638828706489671
0,4,5,2,n4,n11,3,11,8,4.0,0.8638828706489671
0,4,5,3,n6,n18,3,11,8,4.0,0.8638828706489671
0,4,30,0,n9,n1,2,61,52,26.0,0.917291622739366
0,4,30,1,n10,n2,3,61,47,23.5,0.8638828706489671
0,4,30,2,n4,n11,3,61,47,23.5,0.8638828706489671
0,4,30,3,n6,n18,3,61,47,23.5,0.8638828706489671
0,4,100,0,n9,n1,2,201,159,79.5,0.917291622739366
0,4,100,1,n10,n2,3,201,70,35.0,0.8638828706489671
0,4,100,2,n4,n11,3,201,75,37.5,0.8638828706489671
0,4,100,3,n6,n18,3,201,73,36.5,0.8638828706489671
1,2,5,0,n10,n20,2,11,9,4.5,0.917291622739366
1,2,5,1,n12,n13,2,11,9,4.5,0.917291622739366
1,2,30,0,n10,n20,2,61,52,26.0,0.917291622739366
1,2,30,1,n12,n13,2,61,52,26.0,0.917291622739366
1,2,100,0,n10,n20,2,201,171,85.5,0.917291622739366
1,2,100,1,n12,n13,2,201,171,85.5,0.917291622739366
1,4,5,0,n10,n20,2,11,9,4.5,0.917291622739366
1,4,5,1,n12,n13,2,11,9,4.5,0.917291622739366
1,4,5,2,n3,n19,3,11,8,4.0,0.8638828706489671
1,4,5,3,n14,n4,3,11,8,4.0,0.8638828706489671
1,4,30,0,n10,n20,2,61,52,26.0,0.917291622739366
1,4,30,1,n12,n13,2,61,52,26.0,0.917291622739366
1,4,30,2,n3,n19,3,61,47,23.5,0.8638828706489671
1,4,30,3,n14,n4,3,61,47,23.5,0.8638828706489671
1,4,100,0,n10,n20,2,201,138,69.0,0.917291622739366
1,4,100,1,n12,n13,2,201,171,85.5,0.917291622739366
1,4,100,2,n3,n19,3,201,93,46.5,0.8638828706489671
1,4,100,3,n14,n4,3,201,68,34.0,0.8638828706489671
