backend,nodes,workers,batch,speedup
qubit,5,4,0,3.2072336425083856
werner,5,4,0,1.4092063844989893
qubit,10,4,0,3.296225315117543
werner,10,4,0,1.7713172338892296
qubit,15,4,0,3.2890751824456776
werner,15,4,0,2.025773922425119
qubit,20,4,0,3.2042347873529518
werner,20,4,0,2.1301945518483505
qubit,25,4,0,3.1663548408912607
werner,25,4,0,2.2735939804218988
qubit,30,4,0,3.125249343997539
werner,30,4,0,1.8179094778319924
qubit,35,4,0,3.126593474616936
werner,35,4,0,2.3922453491953513
qubit,40,4,0,3.08967866230885
werner,40,4,0,2.494833256464026
qubit,45,4,0,3.0966990575957967
werner,45,4,0,2.5300325517116327
qubit,50,4,0,3.061612962222078
werner,50,4,0,2.5379362621200907
werner,5,4,1,1.3841281602448805
qubit,5,4,1,2.922981182201163
werner,10,4,1,2.2039298353245487
qubit,10,4,1,3.0733037788677113
werner,15,4,1,2.06922674176708
qubit,15,4,1,3.0819897455432037
werner,20,4,1,2.2302828526145917
qubit,20,4,1,3.1093837615882656
werner,25,4,1,2.1395696973736893
qubit,25,4,1,3.0912139136957713
werner,30,4,1,2.467794335772938
qubit,30,4,1,3.0751595616569514
werner,35,4,1,2.5031054644962247
qubit,35,4,1,3.0577225129850496
werner,40,4,1,2.3837715460567943
qubit,40,4,1,3.017018145604725
werner,45,4,1,2.6606372226529795
qubit,45,4,1,3.0284805134198556
werner,50,4,1,2.488722358369903
qubit,50,4,1,2.989250086668861
qubit,5,4,2,2.967947646597984
werner,5,4,2,1.3967084215555567
qubit,10,4,2,3.1141763929346955
werner,10,4,2,1.7337721595038331
qubit,15,4,2,3.098068315855145
werner,15,4,2,1.9449488071372307
qubit,20,4,2,3.1583565820237096
werner,20,4,2,2.1296495034269767
qubit,25,4,2,3.050828569336267
werner,25,4,2,2.2077379900824226
qubit,30,4,2,3.0685624614296634
werner,30,4,2,2.290853140541865
qubit,35,4,2,3.0695150526853348
werner,35,4,2,2.4678095049971165
qubit,40,4,2,3.040374963248784
werner,40,4,2,2.4297572232443563
qubit,45,4,2,2.9913340243797415
werner,45,4,2,2.4623110479104495
qubit,50,4,2,3.0351001025326365
werner,50,4,2,2.4601410702393283
