backend,nodes,workers,trials,speedup_n,speedup_mean,speedup_std,speedup_sem
qubit,5,4,3,3,3.0327208237691776,0.15279574162363097,0.08821666255743185
werner,5,4,3,3,1.3966809887664755,0.0125391346333501,0.0072394727559696405
qubit,10,4,3,3,3.16123516230665,0.11867770920479692,0.06851860735619764
werner,10,4,3,3,1.9030064095725372,0.26128258510164054,0.15085157084299347
qubit,15,4,3,3,3.156377747948009,0.11520020376508167,0.06651086865446965
werner,15,4,3,3,2.0133164904431435,0.06306854975068357,0.036412644175956466
qubit,20,4,3,3,3.157325043654976,0.04743392589389917,0.027385989883563448
werner,20,4,3,3,2.1633756359633063,0.057943990192788265,0.033453978335727344
qubit,25,4,3,3,3.102799107974433,0.05862800013394014,0.03384889165937976
werner,25,4,3,3,2.2069672226260035,0.06701546592765395,0.0386913972931992
qubit,30,4,3,3,3.0896571223613845,0.030999759895845597,0.017897719720680223
werner,30,4,3,3,2.1921856513822653,0.3359896385426574,0.1939837082575283
qubit,35,4,3,3,3.08461034676244,0.036833453089289876,0.021265804056284966
werner,35,4,3,3,2.454386772896231,0.056635841954718484,0.03269871859833782
qubit,40,4,3,3,3.0490239237207866,0.03709435347680705,0.02141643496524968
werner,40,4,3,3,2.436120675255059,0.05580363806029431,0.03221824545587137
qubit,45,4,3,3,3.0388378651317978,0.05344065500177518,0.030853976550944823
werner,45,4,3,3,2.5509936074250206,0.10081092346301541,0.05820321379862671
qubit,50,4,3,3,3.0286543838078583,0.03660951934936861,0.021136515851260782
werner,50,4,3,3,2.495599896909774,0.039350964057017955,0.022719289691190605
