backend,nodes,workers,batch,jobs,batch_seconds,amortized_seconds,startup_seconds,warmup_seconds,start_method
qubit,2,1,0,4,0.202887042,0.0507217605,0.173954125,0.00077525,spawn
qubit,2,4,0,4,0.27303170800000004,0.06825792700000001,0.20456125,0.000947,spawn
werner,2,1,0,4,0.210374459,0.05259361475,0.180801875,0.000218,spawn
werner,2,4,0,4,0.294882375,0.07372059375,0.230689875,0.000437666,spawn
netsquid,2,1,0,4,0.437312207,0.10932805175,0.385640541,0.001158959,spawn
qubit,5,1,0,4,0.23026787499999998,0.057566968749999996,0.179503583,0.00608425,spawn
qubit,5,4,0,4,0.267219084,0.066804771,0.199152417,0.007378083,spawn
werner,5,1,0,4,0.21909475,0.0547736875,0.182398583,0.000528917,spawn
werner,5,4,0,4,0.26255287499999996,0.06563821874999999,0.201869125,0.000601334,spawn
netsquid,5,1,0,4,0.45682849999999997,0.11420712499999999,0.386608541,0.006371,spawn
werner,2,4,1,4,0.26788925,0.0669723125,0.2068365,0.000351583,spawn
werner,2,1,1,4,0.20856325,0.0521408125,0.181423666,0.00023075,spawn
netsquid,2,1,1,4,0.43957041700000005,0.10989260425000001,0.390015375,0.001156666,spawn
qubit,2,4,1,4,0.263568833,0.06589220825,0.200279583,0.0009895,spawn
qubit,2,1,1,4,0.208578209,0.05214455225,0.179251042,0.000859458,spawn
werner,5,4,1,4,0.28161312499999996,0.07040328124999999,0.20597975,0.000630583,spawn
werner,5,1,1,4,0.214860792,0.053715198,0.184283083,0.00053075,spawn
netsquid,5,1,1,4,0.460247167,0.11506179175,0.388276875,0.006257625,spawn
qubit,5,4,1,4,0.275184,0.068796,0.206518458,0.007696875,spawn
qubit,5,1,1,4,0.235937417,0.05898435425,0.183305,0.00637675,spawn
