backend,nodes,workers,trials,setup_seconds_n,setup_seconds_mean,setup_seconds_std,setup_seconds_sem,simulation_seconds_n,simulation_seconds_mean,simulation_seconds_std,simulation_seconds_sem,job_seconds_n,job_seconds_mean,job_seconds_std,job_seconds_sem
qubit,2,1,8,8,3.33385e-05,4.224419216210167e-06,1.4935577371784843e-06,8,0.00053195825,2.608397740129807e-05,9.222078650387261e-06,8,0.00056529675,2.773471351290395e-05,9.805701999620277e-06
qubit,2,4,8,8,4.718225e-05,5.69375898305705e-06,2.0130477936807304e-06,8,0.00060007825,2.4827455129639964e-05,8.777830940886576e-06,8,0.0006472605,2.9626976679081798e-05,1.0474718057917219e-05
werner,2,1,8,8,3.081225e-05,4.0752300811470395e-06,1.4408114126372379e-06,8,4.4286375e-05,3.6273637391952534e-06,1.2824667489075775e-06,8,7.5098625e-05,6.384023718571672e-06,2.257093231328894e-06
werner,2,4,8,8,4.5729375e-05,4.650685446791689e-06,1.6442656082959957e-06,8,5.2125e-05,2.65328491819911e-06,9.380778790392924e-07,8,9.785437500000001e-05,7.240207000543166e-06,2.559799733639193e-06
netsquid,2,1,8,8,3.10055e-05,6.644508065204785e-06,2.349188355277505e-06,8,0.000616510375,4.796757784151854e-05,1.6959099784415666e-05,8,0.000647515875,5.338415428205933e-05,1.887414875037651e-05
qubit,5,1,8,8,4.4103999999999997e-05,1.1415921951380011e-05,4.036137912658585e-06,8,0.00571065125,0.00010519285801496757,3.719129161738861e-05,8,0.00575475525,0.0001102543795265555,3.898080970937132e-05
qubit,5,4,8,8,5.8948e-05,6.5007189052991896e-06,2.2983512102623233e-06,8,0.005947619625,6.139335046342567e-05,2.1705827216225277e-05,8,0.0060065676250000005,5.9726862343594804e-05,2.1116634691075666e-05
werner,5,1,8,8,3.7328125e-05,7.079957938484825e-06,2.5031431344090743e-06,8,0.00028003625,1.9618782820479525e-05,6.936287185493606e-06,8,0.000317364375,2.4958334925788967e-05,8.824103936575213e-06
werner,5,4,8,8,4.2411625e-05,3.6875876333412632e-06,1.3037591108776295e-06,8,0.00030828112500000003,1.2702570678381822e-05,4.491036932592595e-06,8,0.00035069275,1.5638307615321692e-05,5.5289766805375974e-06
netsquid,5,1,8,8,3.42865e-05,7.2772293393257055e-06,2.5728891070434527e-06,8,0.005353807125,6.688918624846724e-05,2.3648898592170574e-05,8,0.005388093625,6.884081705943599e-05,2.4338904282574876e-05
