backend,nodes,workers,batch,job_index,seed,completed_pairs,mean_fidelity,completed_round_checksum,scheduled_rounds,event_count,max_state_qubits,setup_seconds,simulation_seconds,job_seconds
qubit,2,1,0,0,22026,10,0.9851490049800661,45,10,20,2,4.2333e-05,0.000541625,0.000583958
qubit,2,1,0,1,22027,10,0.9851490049800661,45,10,20,2,3.2708e-05,0.000550167,0.000582875
qubit,2,1,0,2,22028,10,0.9851490049800661,45,10,20,2,3.1083e-05,0.000493125,0.000524208
qubit,2,1,0,3,22029,10,0.9851490049800661,45,10,20,2,2.9833e-05,0.000502625,0.000532458
qubit,2,4,0,0,22026,10,0.9851490049800661,45,10,20,2,5.6333e-05,0.000618459,0.000674792
qubit,2,4,0,1,22027,10,0.9851490049800661,45,10,20,2,4.2834e-05,0.000604416,0.00064725
qubit,2,4,0,2,22028,10,0.9851490049800661,45,10,20,2,4.9708e-05,0.000626625,0.000676333
qubit,2,4,0,3,22029,10,0.9851490049800661,45,10,20,2,4.6791e-05,0.000610459,0.00065725
werner,2,1,0,0,22026,10,0.9851490049800665,45,10,20,2,3.2916e-05,4.0625e-05,7.3541e-05
werner,2,1,0,1,22027,10,0.9851490049800665,45,10,20,2,2.7292e-05,4.2583e-05,6.9875e-05
werner,2,1,0,2,22028,10,0.9851490049800665,45,10,20,2,3.6166e-05,5.0375e-05,8.6541e-05
werner,2,1,0,3,22029,10,0.9851490049800665,45,10,20,2,2.525e-05,4.6041e-05,7.1291e-05
werner,2,4,0,0,22026,10,0.9851490049800665,45,10,20,2,4.9e-05,5.3916e-05,0.000102916
werner,2,4,0,1,22027,10,0.9851490049800665,45,10,20,2,4.0875e-05,4.85e-05,8.9375e-05
werner,2,4,0,2,22028,10,0.9851490049800665,45,10,20,2,3.9417e-05,4.8083e-05,8.75e-05
werner,2,4,0,3,22029,10,0.9851490049800665,45,10,20,2,5.0333e-05,5.4459e-05,0.000104792
netsquid,2,1,0,0,22026,10,0.9851490049800661,45,10,20,2,4.525e-05,0.000693917,0.000739167
netsquid,2,1,0,1,22027,10,0.9851490049800661,45,10,20,2,3.0334e-05,0.000570375,0.000600709
netsquid,2,1,0,2,22028,10,0.9851490049800661,45,10,20,2,2.7625e-05,0.000616167,0.000643792
netsquid,2,1,0,3,22029,10,0.9851490049800661,45,10,20,2,2.9292e-05,0.000571875,0.000601167
qubit,5,1,0,0,52026,10,0.9020186765491043,45,10,90,4,4.45e-05,0.005634333,0.005678833
qubit,5,1,0,1,52027,10,0.9020186765491042,45,10,90,4,5.6583e-05,0.005595167,0.00565175
qubit,5,1,0,2,52028,10,0.9020186765491043,45,10,90,4,3.4583e-05,0.005702584,0.005737167
qubit,5,1,0,3,52029,10,0.9020186765491042,45,10,90,4,3.1875e-05,0.005722542,0.005754417
qubit,5,4,0,0,52026,10,0.9020186765491043,45,10,90,4,6.1875e-05,0.005983834,0.006045709
qubit,5,4,0,1,52027,10,0.9020186765491042,45,10,90,4,5.5542e-05,0.005918542,0.005974084
qubit,5,4,0,2,52028,10,0.9020186765491043,45,10,90,4,5.1083e-05,0.005936958,0.005988041
qubit,5,4,0,3,52029,10,0.9020186765491042,45,10,90,4,5.1792e-05,0.0060825,0.006134292
werner,5,1,0,0,52026,10,0.9020186765491044,45,10,90,2,4.75e-05,0.000314791,0.000362291
werner,5,1,0,1,52027,10,0.9020186765491044,45,10,90,2,3.9e-05,0.000268875,0.000307875
werner,5,1,0,2,52028,10,0.9020186765491044,45,10,90,2,3.2958e-05,0.0002565,0.000289458
werner,5,1,0,3,52029,10,0.9020186765491044,45,10,90,2,2.8584e-05,0.000275291,0.000303875
werner,5,4,0,0,52026,10,0.9020186765491044,45,10,90,2,4.7792e-05,0.00031325,0.000361042
werner,5,4,0,1,52027,10,0.9020186765491044,45,10,90,2,4.2334e-05,0.000315416,0.00035775
werner,5,4,0,2,52028,10,0.9020186765491044,45,10,90,2,4.7208e-05,0.000318584,0.000365792
werner,5,4,0,3,52029,10,0.9020186765491044,45,10,90,2,4.05e-05,0.000314291,0.000354791
netsquid,5,1,0,0,52026,10,0.9020186765491043,45,10,90,4,4.55e-05,0.005349625,0.005395125
netsquid,5,1,0,1,52027,10,0.9020186765491043,45,10,90,4,3.5625e-05,0.005261458,0.005297083
netsquid,5,1,0,2,52028,10,0.9020186765491043,45,10,90,4,2.9625e-05,0.00532575,0.005355375
netsquid,5,1,0,3,52029,10,0.9020186765491043,45,10,90,4,2.65e-05,0.005428417,0.005454917
werner,2,4,1,0,22030,10,0.9851490049800665,45,10,20,2,4.0542e-05,5.075e-05,9.1292e-05
werner,2,4,1,1,22031,10,0.9851490049800665,45,10,20,2,4.925e-05,5.3834e-05,0.000103084
werner,2,4,1,2,22032,10,0.9851490049800665,45,10,20,2,4.9709e-05,5.45e-05,0.000104209
werner,2,4,1,3,22033,10,0.9851490049800665,45,10,20,2,4.6709e-05,5.2958e-05,9.9667e-05
werner,2,1,1,0,22030,10,0.9851490049800665,45,10,20,2,3.6125e-05,4.425e-05,8.0375e-05
werner,2,1,1,1,22031,10,0.9851490049800665,45,10,20,2,3.0542e-05,4.6875e-05,7.7417e-05
werner,2,1,1,2,22032,10,0.9851490049800665,45,10,20,2,3.0791e-05,4.4625e-05,7.5416e-05
werner,2,1,1,3,22033,10,0.9851490049800665,45,10,20,2,2.7416e-05,3.8917e-05,6.6333e-05
netsquid,2,1,1,0,22030,10,0.9851490049800661,45,10,20,2,3.5584e-05,0.000686666,0.00072225
netsquid,2,1,1,1,22031,10,0.9851490049800661,45,10,20,2,2.9625e-05,0.000595167,0.000624792
netsquid,2,1,1,2,22032,10,0.9851490049800661,45,10,20,2,2.5542e-05,0.000599,0.000624542
netsquid,2,1,1,3,22033,10,0.9851490049800661,45,10,20,2,2.4792e-05,0.000598916,0.000623708
qubit,2,4,1,0,22030,10,0.9851490049800661,45,10,20,2,3.9458e-05,0.000554625,0.000594083
qubit,2,4,1,1,22031,10,0.9851490049800661,45,10,20,2,4.1375e-05,0.000570375,0.00061175
qubit,2,4,1,2,22032,10,0.9851490049800661,45,10,20,2,5.1625e-05,0.000614042,0.000665667
qubit,2,4,1,3,22033,10,0.9851490049800661,45,10,20,2,4.9334e-05,0.000601625,0.000650959
qubit,2,1,1,0,22030,10,0.9851490049800661,45,10,20,2,3.6833e-05,0.00053475,0.000571583
qubit,2,1,1,1,22031,10,0.9851490049800661,45,10,20,2,3.2334e-05,0.000575958,0.000608292
qubit,2,1,1,2,22032,10,0.9851490049800661,45,10,20,2,3.0959e-05,0.000530166,0.000561125
qubit,2,1,1,3,22033,10,0.9851490049800661,45,10,20,2,3.0625e-05,0.00052725,0.000557875
werner,5,4,1,0,52030,10,0.9020186765491044,45,10,90,2,4.4041e-05,0.000317667,0.000361708
werner,5,4,1,1,52031,10,0.9020186765491044,45,10,90,2,3.8084e-05,0.000285291,0.000323375
werner,5,4,1,2,52032,10,0.9020186765491044,45,10,90,2,3.8417e-05,0.00029125,0.000329667
werner,5,4,1,3,52033,10,0.9020186765491044,45,10,90,2,4.0917e-05,0.0003105,0.000351417
werner,5,1,1,0,52030,10,0.9020186765491044,45,10,90,2,4.3e-05,0.000298208,0.000341208
werner,5,1,1,1,52031,10,0.9020186765491044,45,10,90,2,3.3875e-05,0.00028975,0.000323625
werner,5,1,1,2,52032,10,0.9020186765491044,45,10,90,2,4.4083e-05,0.000275209,0.000319292
werner,5,1,1,3,52033,10,0.9020186765491044,45,10,90,2,2.9625e-05,0.000261666,0.000291291
netsquid,5,1,1,0,52030,10,0.9020186765491043,45,10,90,4,4.45e-05,0.005470041,0.005514541
netsquid,5,1,1,1,52031,10,0.9020186765491043,45,10,90,4,3.4584e-05,0.005320666,0.00535525
netsquid,5,1,1,2,52032,10,0.9020186765491043,45,10,90,4,2.8792e-05,0.005312125,0.005340917
netsquid,5,1,1,3,52033,10,0.9020186765491043,45,10,90,4,2.9166e-05,0.005362375,0.005391541
qubit,5,4,1,0,52030,10,0.9020186765491043,45,10,90,4,7.0875e-05,0.005947166,0.006018041
qubit,5,4,1,1,52031,10,0.9020186765491042,45,10,90,4,6.225e-05,0.005910416,0.005972666
qubit,5,4,1,2,52032,10,0.9020186765491042,45,10,90,4,6.125e-05,0.005892208,0.005953458
qubit,5,4,1,3,52033,10,0.9020186765491042,45,10,90,4,5.6917e-05,0.005909333,0.00596625
qubit,5,1,1,0,52030,10,0.9020186765491043,45,10,90,4,6.2e-05,0.00593725,0.00599925
qubit,5,1,1,1,52031,10,0.9020186765491042,45,10,90,4,5.1291e-05,0.00572925,0.005780541
qubit,5,1,1,2,52032,10,0.9020186765491042,45,10,90,4,3.8541e-05,0.005730834,0.005769375
qubit,5,1,1,3,52033,10,0.9020186765491042,45,10,90,4,3.3459e-05,0.00563325,0.005666709
