backend,nodes,workers,trials,batch_seconds_n,batch_seconds_mean,batch_seconds_std,batch_seconds_sem,amortized_seconds_n,amortized_seconds_mean,amortized_seconds_std,amortized_seconds_sem,startup_seconds_n,startup_seconds_mean,startup_seconds_std,startup_seconds_sem,warmup_seconds_n,warmup_seconds_mean,warmup_seconds_std,warmup_seconds_sem
qubit,2,1,2,2,0.2057326255,0.004024262778565098,0.002845583499999998,2,0.051433156375,0.0010060656946412744,0.0007113958749999995,2,0.1766025835,0.003745485930082312,0.0026484585000000056,2,0.000817354,5.95440478301568e-05,4.2104e-05
qubit,2,4,2,2,0.26830027050000005,0.006691263082020677,0.004731437500000018,2,0.06707506762500001,0.0016728157705051692,0.0011828593750000044,2,0.2024204165,0.0030275957704826535,0.002140833499999994,2,0.0009682499999999999,3.0052038200428196e-05,2.1249999999999947e-05
werner,2,1,2,2,0.20946885450000002,0.0012807181660461112,0.0009056045000000039,2,0.052367213625000006,0.0003201795415115278,0.00022640112500000098,2,0.18111277050000002,0.00043967263258077195,0.0003108955000000052,2,0.00022437500000000002,9.01561146012847e-06,6.374999999999992e-06
werner,2,4,2,2,0.2813858125,0.01908702173291609,0.013496562499999976,2,0.070346453125,0.004771755433229023,0.003374140624999994,2,0.2187631875,0.01686688321668565,0.011926687499999991,2,0.0003946245,6.08698730448816e-05,4.304150000000002e-05
netsquid,2,1,2,2,0.438441312,0.0015967956043433005,0.001129105000000019,2,0.109610328,0.0003991989010858251,0.0002822762500000047,2,0.38782795800000003,0.0030934747879654643,0.002187416999999997,2,0.0011578125,1.6213958492607533e-06,1.1464999999999997e-06
qubit,5,1,2,2,0.233102646,0.0040089715944219605,0.0028347710000000137,2,0.0582756615,0.0010022428986054901,0.0007086927500000034,2,0.18140429149999998,0.002688007738817823,0.0019007085000000007,2,0.0062305,0.0002068287334970647,0.00014624999999999968
qubit,5,4,2,2,0.271201542,0.005632046115181223,0.003982457999999993,2,0.0678003855,0.0014080115287953057,0.0009956144999999984,2,0.2028354375,0.005208577541598131,0.003683020499999995,2,0.007537479,0.00022541998498802187,0.000159396
werner,5,1,2,2,0.21697777099999999,0.0029938604130590393,0.002116979000000005,2,0.054244442749999996,0.0007484651032647598,0.0005292447500000012,2,0.18334083299999998,0.001332542729146037,0.0009422499999999917,2,0.0005298334999999999,1.2961267299149566e-06,9.165000000000105e-07
werner,5,4,2,2,0.27208299999999996,0.013477632026110893,0.009530125,2,0.06802074999999999,0.003369408006527723,0.00238253125,2,0.2039244375,0.002906650812414937,0.0020553124999999894,2,0.0006159585,2.0682166242925302e-05,1.462449999999998e-05
netsquid,5,1,2,2,0.4585378335,0.0024173626183187007,0.001709333500000021,2,0.114634458375,0.0006043406545796752,0.00042733337500000523,2,0.387442708,0.001179690284684073,0.0008341669999999967,2,0.0063143125000000005,8.016823131702465e-05,5.6687499999999874e-05
