sessions,send_rate_hz,trials,mean_session_eps_n,mean_session_eps_mean,mean_session_eps_std,mean_session_eps_sem,total_eps_n,total_eps_mean,total_eps_std,total_eps_sem,mean_completed_per_session_n,mean_completed_per_session_mean,mean_completed_per_session_std,mean_completed_per_session_sem
10,10,3,3,9.533333333333333,0.011547005383793295,0.006666666666667117,3,95.33333333333334,0.1154700538379268,0.06666666666666762,3,95.33333333333334,0.1154700538379268,0.06666666666666762
10,20,3,3,19.02,0.02999999999999936,0.017320508075688405,3,190.2,0.29999999999999716,0.1732050807568861,3,190.2,0.29999999999999716,0.1732050807568861
10,30,3,3,28.453333333333333,0.040414518843271185,0.02333333333333182,3,284.53333333333336,0.4041451884327174,0.23333333333332143,3,284.53333333333336,0.4041451884327174,0.23333333333332143
10,40,3,3,37.94,0.05999999999999872,0.03464101615137681,3,379.4,0.5999999999999943,0.3464101615137722,3,379.4,0.5999999999999943,0.3464101615137722
10,50,3,3,47.373333333333335,0.07023769168568546,0.04055175020198844,3,473.73333333333335,0.702376916856839,0.4055175020198754,3,473.73333333333335,0.702376916856839,0.4055175020198754
10,60,3,3,55.96333333333334,0.7311862507824739,0.42215057871701456,3,559.6333333333333,7.311862507824745,4.221505787170148,3,559.6333333333333,7.311862507824745,4.221505787170148
10,70,3,3,62.730000000000004,1.0047885349664325,0.5801149311415196,3,627.3,10.04788534966433,5.801149311415198,3,627.3,10.04788534966433,5.801149311415198
10,80,3,3,67.91000000000001,0.786193360440035,0.45390894828515066,3,679.1,7.861933604400366,4.539089482851516,3,679.1,7.861933604400366,4.539089482851516
10,90,3,3,70.90666666666667,0.5265295180076222,0.3039919589579846,3,709.0666666666667,5.26529518007618,3.0399195895798217,3,709.0666666666667,5.26529518007618,3.0399195895798217
10,100,3,3,73.53999999999999,1.0293687385966184,0.5943063183241432,3,735.4,10.293687385966209,5.9430631832414464,3,735.4,10.293687385966209,5.9430631832414464
20,10,3,3,9.536666666666667,0.01258305739211812,0.0072648315725679065,3,190.73333333333332,0.2516611478423591,0.14529663145135624,3,95.36666666666666,0.12583057392117955,0.07264831572567812
20,20,3,3,19.015,0.031224989991991182,0.01802775637731948,3,380.3,0.6244997998398316,0.36055512754639424,3,190.15,0.3122498999199158,0.18027756377319712
20,30,3,3,28.451666666666664,0.043684474740271186,0.025221243250702977,3,569.0333333333333,0.8736894948054356,0.5044248650140664,3,284.51666666666665,0.4368447474027178,0.2522124325070332
20,40,3,3,37.74666666666667,0.08892881047969609,0.051343072669165754,3,754.9333333333333,1.7785762095938753,1.0268614533832883,3,377.46666666666664,0.8892881047969377,0.5134307266916441
20,50,3,3,45.96,0.1750000000000007,0.10103629710818493,3,919.2,3.5,2.0207259421636903,3,459.6,1.75,1.0103629710818451
20,60,3,3,52.335,0.8250454532933316,0.4763402145525818,3,1046.7,16.500909065866644,9.526804291051644,3,523.35,8.250454532933322,4.763402145525822
20,70,3,3,58.67,1.4880104166302068,0.8591032145984171,3,1173.4,29.760208332604122,17.182064291968334,3,586.7,14.880104166302061,8.591032145984167
20,80,3,3,63.333333333333336,2.1216876144553702,1.224956915342103,3,1266.6666666666667,42.43375228910749,24.49913830684211,3,633.3333333333334,21.216876144553744,12.249569153421055
20,90,3,3,65.69166666666666,2.619543535300251,1.5123941652595438,3,1313.8333333333333,52.390870706005025,30.247883305190882,3,656.9166666666666,26.195435353002512,15.123941652595441
20,100,3,3,67.95333333333333,2.9504081638534845,1.703418947620079,3,1359.0666666666666,59.00816327706982,34.06837895240165,3,679.5333333333333,29.50408163853491,17.034189476200826
30,10,3,3,9.530000000000001,0.008819171036881334,0.005091750772172789,3,285.90000000000003,0.26457513110645475,0.1527525231651922,3,95.3,0.08819171036881468,0.05091750772172867
30,20,3,3,19.006666666666664,0.025166114784234354,0.014529663145134725,3,570.1999999999999,0.7549834435270735,0.4358898943540665,3,190.06666666666666,0.2516611478423572,0.14529663145135516
30,30,3,3,28.436666666666664,0.03382963855030726,0.01953155092360764,3,853.1,1.0148891565092175,0.585946527708229,3,284.3666666666667,0.3382963855030828,0.19531550923608226
30,40,3,3,37.55222222222222,0.2466966948689438,0.14243040319077568,3,1126.5666666666666,7.400900846068314,4.272912095723271,3,375.52222222222224,2.466966948689381,1.4243040319077238
30,50,3,3,44.80777777777778,0.8277032032030499,0.4778746671783964,3,1344.2333333333333,24.831096096091557,14.336240015351926,3,448.0777777777778,8.277032032030524,4.778746671783979
30,60,3,3,49.98777777777778,1.43595238753214,0.8290474974851669,3,1499.6333333333334,43.07857162596422,24.87142492455502,3,499.8777777777778,14.35952387532144,8.290474974851692
30,70,3,3,53.983333333333334,0.8852181149926315,0.5110809169825289,3,1619.5,26.556543449779003,15.3324275094759,3,539.8333333333334,8.852181149926297,5.110809169825279
30,80,3,3,56.87222222222223,0.6643403857572895,0.38355710055051095,3,1706.1666666666667,19.93021157271875,11.506713016515366,3,568.7222222222222,6.6434038575729755,3.8355710055051557
30,90,3,3,58.21111111111111,0.5376629813195996,0.31041986699816754,3,1746.3333333333333,16.129889439588048,9.312596009945063,3,582.1111111111111,5.376629813196014,3.104198669981686
30,100,3,3,59.79888888888889,0.3320196335113872,0.1916916247840403,3,1793.9666666666667,9.960589005341644,5.750748743521226,3,597.9888888888889,3.320196335113897,1.9169162478404174
40,10,3,3,9.535,0.0024999999999995026,0.0014433756729737774,3,381.4,0.09999999999999432,0.0577350269189593,3,95.35,0.02499999999999858,0.014433756729739825
40,20,3,3,19.016666666666666,0.009464847243001232,0.005464532103585449,3,760.6666666666666,0.37859388972003927,0.21858128414341219,3,190.16666666666666,0.09464847243000982,0.054645321035853046
40,30,3,3,28.110833333333332,0.5983431986187642,0.3454536067903252,3,1124.4333333333334,23.933727944750572,13.818144271613011,3,281.10833333333335,5.983431986187643,3.454536067903253
40,40,3,3,36.505,1.2701673118136836,0.7333314393914936,3,1460.2,50.80669247254743,29.333257575659793,3,365.05,12.701673118136858,7.333314393914948
40,50,3,3,43.01,1.234999999999996,0.7130275824491856,3,1720.4,49.39999999999994,28.521103297967482,3,430.1,12.349999999999985,7.1302758244918705
40,60,3,3,46.55,1.1684471532765193,0.6746032784780503,3,1862.0,46.73788613106073,26.984131139121992,3,465.5,11.684471532765183,6.746032784780498
40,70,3,3,49.667500000000004,1.0231049555153204,0.5906899214760104,3,1986.7,40.924198220612745,23.627596859040374,3,496.675,10.231049555153186,5.906899214760093
40,80,3,3,51.99583333333333,1.160938018730258,0.6702678776263853,3,2079.8333333333335,46.4375207492102,26.810715105055344,3,519.9583333333334,11.60938018730255,6.702678776263836
40,90,3,3,52.31666666666667,1.305206720536382,0.7535614514497888,3,2092.666666666667,52.20826882145525,30.142458057991536,3,523.1666666666667,13.052067205363812,7.535614514497884
40,100,3,3,53.79,1.0081883504583868,0.5820778155309945,3,2151.6,40.32753401833542,23.283112621239745,3,537.9,10.081883504583855,5.820778155309936
