trial,topology_seed,sessions,send_rate_hz,completed,mean_completed_per_session,total_eps,mean_session_eps,measurement_seconds,request_seed,simulation_seed
0,2023,10,10,954,95.4,95.4,9.540000000000001,10,2024,2025
0,2023,10,20,1905,190.5,190.5,19.05,10,2024,2025
0,2023,10,30,2849,284.9,284.9,28.49,10,2024,2025
0,2023,10,40,3800,380.0,380.0,38.0,10,2024,2025
0,2023,10,50,4744,474.4,474.4,47.44,10,2024,2025
0,2023,10,60,5512,551.2,551.2,55.120000000000005,10,2024,2025
0,2023,10,70,6157,615.7,615.7,61.57000000000001,10,2024,2025
0,2023,10,80,6702,670.2,670.2,67.02000000000001,10,2024,2025
0,2023,10,90,7067,706.7,706.7,70.67,10,2024,2025
0,2023,10,100,7370,737.0,737.0,73.7,10,2024,2025
0,2023,20,10,1910,95.5,191.0,9.55,10,2024,2025
0,2023,20,20,3810,190.5,381.0,19.05,10,2024,2025
0,2023,20,30,5700,285.0,570.0,28.5,10,2024,2025
0,2023,20,40,7553,377.65,755.3,37.765,10,2024,2025
0,2023,20,50,9177,458.85,917.7,45.885000000000005,10,2024,2025
0,2023,20,60,10469,523.45,1046.9,52.345000000000006,10,2024,2025
0,2023,20,70,11743,587.15,1174.3,58.714999999999996,10,2024,2025
0,2023,20,80,12728,636.4,1272.8,63.64,10,2024,2025
0,2023,20,90,13319,665.95,1331.9,66.595,10,2024,2025
0,2023,20,100,13833,691.65,1383.3,69.16499999999999,10,2024,2025
0,2023,30,10,2861,95.36666666666666,286.1,9.536666666666667,10,2024,2025
0,2023,30,20,5709,190.3,570.9,19.029999999999998,10,2024,2025
0,2023,30,30,8540,284.6666666666667,854.0,28.466666666666665,10,2024,2025
0,2023,30,40,11339,377.96666666666664,1133.9,37.79666666666667,10,2024,2025
0,2023,30,50,13729,457.6333333333333,1372.9,45.763333333333335,10,2024,2025
0,2023,30,60,15304,510.1333333333333,1530.4,51.013333333333335,10,2024,2025
0,2023,30,70,16290,543.0,1629.0,54.3,10,2024,2025
0,2023,30,80,17049,568.3,1704.9,56.830000000000005,10,2024,2025
0,2023,30,90,17452,581.7333333333333,1745.2,58.17333333333333,10,2024,2025
0,2023,30,100,17927,597.5666666666667,1792.7,59.75666666666667,10,2024,2025
0,2023,40,10,3815,95.375,381.5,9.5375,10,2024,2025
0,2023,40,20,7611,190.275,761.1,19.0275,10,2024,2025
0,2023,40,30,11386,284.65,1138.6,28.464999999999996,10,2024,2025
0,2023,40,40,14784,369.6,1478.4,36.96,10,2024,2025
0,2023,40,50,17348,433.7,1734.8,43.37,10,2024,2025
0,2023,40,60,18438,460.95,1843.8,46.095,10,2024,2025
0,2023,40,70,19550,488.75,1955.0,48.875,10,2024,2025
0,2023,40,80,20395,509.875,2039.5,50.9875,10,2024,2025
0,2023,40,90,20589,514.725,2058.9,51.472500000000004,10,2024,2025
0,2023,40,100,21262,531.55,2126.2,53.154999999999994,10,2024,2025
1,2026,10,10,952,95.2,95.2,9.52,10,2027,2028
1,2026,10,20,1899,189.9,189.9,18.990000000000002,10,2027,2028
1,2026,10,30,2841,284.1,284.1,28.410000000000004,10,2027,2028
1,2026,10,40,3788,378.8,378.8,37.88,10,2027,2028
1,2026,10,50,4730,473.0,473.0,47.3,10,2027,2028
1,2026,10,60,5635,563.5,563.5,56.35,10,2027,2028
1,2026,10,70,6329,632.9,632.9,63.29,10,2027,2028
1,2026,10,80,6851,685.1,685.1,68.51,10,2027,2028
1,2026,10,90,7151,715.1,715.1,71.51,10,2027,2028
1,2026,10,100,7448,744.8,744.8,74.47999999999999,10,2027,2028
1,2026,20,10,1905,95.25,190.5,9.525,10,2027,2028
1,2026,20,20,3798,189.9,379.8,18.990000000000002,10,2027,2028
1,2026,20,30,5683,284.15,568.3,28.415,10,2027,2028
1,2026,20,40,7530,376.5,753.0,37.65,10,2027,2028
1,2026,20,50,9167,458.35,916.7,45.835,10,2027,2028
1,2026,20,60,10301,515.05,1030.1,51.504999999999995,10,2027,2028
1,2026,20,70,11432,571.6,1143.2,57.160000000000004,10,2027,2028
1,2026,20,80,12215,610.75,1221.5,61.075,10,2027,2028
1,2026,20,90,12548,627.4,1254.8,62.739999999999995,10,2027,2028
1,2026,20,100,12918,645.9,1291.8,64.59,10,2027,2028
1,2026,30,10,2860,95.33333333333333,286.0,9.533333333333333,10,2027,2028
1,2026,30,20,5703,190.1,570.3,19.009999999999998,10,2027,2028
1,2026,30,30,8533,284.43333333333334,853.3,28.44333333333333,10,2027,2028
1,2026,30,40,11267,375.56666666666666,1126.7,37.556666666666665,10,2027,2028
1,2026,30,50,13304,443.46666666666664,1330.4,44.34666666666667,10,2027,2028
1,2026,30,60,14504,483.46666666666664,1450.4,48.34666666666667,10,2027,2028
1,2026,30,70,15895,529.8333333333334,1589.5,52.983333333333334,10,2027,2028
1,2026,30,80,16869,562.3,1686.9,56.230000000000004,10,2027,2028
1,2026,30,90,17308,576.9333333333333,1730.8,57.693333333333335,10,2027,2028
1,2026,30,100,18045,601.5,1804.5,60.15,10,2027,2028
1,2026,40,10,3813,95.325,381.3,9.5325,10,2027,2028
1,2026,40,20,7604,190.1,760.4,19.009999999999998,10,2027,2028
1,2026,40,30,10968,274.2,1096.8,27.419999999999998,10,2027,2028
1,2026,40,40,14028,350.7,1402.8,35.07,10,2027,2028
1,2026,40,50,16654,416.35,1665.4,41.635000000000005,10,2027,2028
1,2026,40,60,18271,456.775,1827.1,45.677499999999995,10,2027,2028
1,2026,40,70,19722,493.05,1972.2,49.305,10,2027,2028
1,2026,40,80,20694,517.35,2069.4,51.735,10,2027,2028
1,2026,40,90,20663,516.575,2066.3,51.657500000000006,10,2027,2028
1,2026,40,100,21305,532.625,2130.5,53.2625,10,2027,2028
2,2029,10,10,954,95.4,95.4,9.540000000000001,10,2030,2031
2,2029,10,20,1902,190.2,190.2,19.02,10,2030,2031
2,2029,10,30,2846,284.6,284.6,28.46,10,2030,2031
2,2029,10,40,3794,379.4,379.4,37.94,10,2030,2031
2,2029,10,50,4738,473.8,473.8,47.38,10,2030,2031
2,2029,10,60,5642,564.2,564.2,56.42,10,2030,2031
2,2029,10,70,6333,633.3,633.3,63.33,10,2030,2031
2,2029,10,80,6820,682.0,682.0,68.2,10,2030,2031
2,2029,10,90,7054,705.4,705.4,70.53999999999999,10,2030,2031
2,2029,10,100,7244,724.4,724.4,72.44,10,2030,2031
2,2029,20,10,1907,95.35,190.7,9.535,10,2030,2031
2,2029,20,20,3801,190.05,380.1,19.005000000000003,10,2030,2031
2,2029,20,30,5688,284.4,568.8,28.439999999999998,10,2030,2031
2,2029,20,40,7565,378.25,756.5,37.825,10,2030,2031
2,2029,20,50,9232,461.6,923.2,46.160000000000004,10,2030,2031
2,2029,20,60,10631,531.55,1063.1,53.154999999999994,10,2030,2031
2,2029,20,70,12027,601.35,1202.7,60.135000000000005,10,2030,2031
2,2029,20,80,13057,652.85,1305.7,65.285,10,2030,2031
2,2029,20,90,13548,677.4,1354.8,67.74,10,2030,2031
2,2029,20,100,14021,701.05,1402.1,70.10499999999999,10,2030,2031
2,2029,30,10,2856,95.2,285.6,9.520000000000001,10,2030,2031
2,2029,30,20,5694,189.8,569.4,18.98,10,2030,2031
2,2029,30,30,8520,284.0,852.0,28.4,10,2030,2031
2,2029,30,40,11191,373.03333333333336,1119.1,37.30333333333333,10,2030,2031
2,2029,30,50,13294,443.1333333333333,1329.4,44.31333333333334,10,2030,2031
2,2029,30,60,15181,506.03333333333336,1518.1,50.60333333333333,10,2030,2031
2,2029,30,70,16400,546.6666666666666,1640.0,54.666666666666664,10,2030,2031
2,2029,30,80,17267,575.5666666666667,1726.7,57.556666666666665,10,2030,2031
2,2029,30,90,17630,587.6666666666666,1763.0,58.766666666666666,10,2030,2031
2,2029,30,100,17847,594.9,1784.7,59.49,10,2030,2031
2,2029,40,10,3814,95.35,381.4,9.535,10,2030,2031
2,2029,40,20,7605,190.125,760.5,19.0125,10,2030,2031
2,2029,40,30,11379,284.475,1137.9,28.4475,10,2030,2031
2,2029,40,40,14994,374.85,1499.4,37.485,10,2030,2031
2,2029,40,50,17610,440.25,1761.0,44.025,10,2030,2031
2,2029,40,60,19151,478.775,1915.1,47.8775,10,2030,2031
2,2029,40,70,20329,508.225,2032.9,50.822500000000005,10,2030,2031
2,2029,40,80,21306,532.65,2130.6,53.265,10,2030,2031
2,2029,40,90,21528,538.2,2152.8,53.82000000000001,10,2030,2031
2,2029,40,100,21981,549.525,2198.1,54.9525,10,2030,2031
