trial,total_length_km,relays,noise,seed,duration_seconds,hop_length_km,loss_model,correct_bits,sifted_bits,correct_sifted_bps,sifted_bps,qber,link_correct_bits,link_sifted_bits
0,1,0,none,2023,10,1.0,historical-exp,4897,4897,489.7,489.7,0.0,[4897],[4897]
1,1,0,none,2024,10,1.0,historical-exp,4879,4879,487.9,487.9,0.0,[4879],[4879]
2,1,0,none,2025,10,1.0,historical-exp,4805,4805,480.5,480.5,0.0,[4805],[4805]
3,1,0,none,2026,10,1.0,historical-exp,4927,4927,492.7,492.7,0.0,[4927],[4927]
4,1,0,none,2027,10,1.0,historical-exp,5025,5025,502.5,502.5,0.0,[5025],[5025]
5,1,0,none,2028,10,1.0,historical-exp,4882,4882,488.2,488.2,0.0,[4882],[4882]
6,1,0,none,2029,10,1.0,historical-exp,4880,4880,488.0,488.0,0.0,[4880],[4880]
7,1,0,none,2030,10,1.0,historical-exp,4952,4952,495.2,495.2,0.0,[4952],[4952]
8,1,0,none,2031,10,1.0,historical-exp,4926,4926,492.6,492.6,0.0,[4926],[4926]
9,1,0,none,2032,10,1.0,historical-exp,4804,4804,480.4,480.4,0.0,[4804],[4804]
0,1,0,historical-rotation,2023,10,1.0,historical-exp,4914,4914,491.4,491.4,0.0,[4914],[4914]
1,1,0,historical-rotation,2024,10,1.0,historical-exp,4967,4967,496.7,496.7,0.0,[4967],[4967]
2,1,0,historical-rotation,2025,10,1.0,historical-exp,4896,4897,489.6,489.7,0.00020420665713702266,[4896],[4897]
3,1,0,historical-rotation,2026,10,1.0,historical-exp,4976,4976,497.6,497.6,0.0,[4976],[4976]
4,1,0,historical-rotation,2027,10,1.0,historical-exp,4978,4981,497.8,498.1,0.0006022886970487854,[4978],[4981]
5,1,0,historical-rotation,2028,10,1.0,historical-exp,4877,4879,487.7,487.9,0.0004099200655872105,[4877],[4879]
6,1,0,historical-rotation,2029,10,1.0,historical-exp,4909,4911,490.9,491.1,0.00040724903278354713,[4909],[4911]
7,1,0,historical-rotation,2030,10,1.0,historical-exp,4843,4844,484.3,484.4,0.00020644095788604458,[4843],[4844]
8,1,0,historical-rotation,2031,10,1.0,historical-exp,4886,4886,488.6,488.6,0.0,[4886],[4886]
9,1,0,historical-rotation,2032,10,1.0,historical-exp,4821,4821,482.1,482.1,0.0,[4821],[4821]
0,1,1,none,2023,10,0.5,historical-exp,4955,4955,495.5,495.5,0.0,"[5007, 4955]","[5007, 4955]"
1,1,1,none,2024,10,0.5,historical-exp,4961,4961,496.1,496.1,0.0,"[4961, 4987]","[4961, 4987]"
2,1,1,none,2025,10,0.5,historical-exp,4935,4935,493.5,493.5,0.0,"[5006, 4935]","[5006, 4935]"
3,1,1,none,2026,10,0.5,historical-exp,4942,4942,494.2,494.2,0.0,"[5018, 4942]","[5018, 4942]"
4,1,1,none,2027,10,0.5,historical-exp,4913,4913,491.3,491.3,0.0,"[4913, 4928]","[4913, 4928]"
5,1,1,none,2028,10,0.5,historical-exp,4832,4832,483.2,483.2,0.0,"[5070, 4832]","[5070, 4832]"
6,1,1,none,2029,10,0.5,historical-exp,4967,4967,496.7,496.7,0.0,"[4967, 4993]","[4967, 4993]"
7,1,1,none,2030,10,0.5,historical-exp,4930,4930,493.0,493.0,0.0,"[4930, 4988]","[4930, 4988]"
8,1,1,none,2031,10,0.5,historical-exp,4902,4902,490.2,490.2,0.0,"[4983, 4902]","[4983, 4902]"
9,1,1,none,2032,10,0.5,historical-exp,4861,4861,486.1,486.1,0.0,"[4861, 5047]","[4861, 5047]"
0,1,1,historical-rotation,2023,10,0.5,historical-exp,4866,4866,486.6,486.6,0.0,"[4923, 4866]","[4923, 4866]"
1,1,1,historical-rotation,2024,10,0.5,historical-exp,4903,4903,490.3,490.3,0.00010135819987837016,"[4962, 4903]","[4963, 4903]"
2,1,1,historical-rotation,2025,10,0.5,historical-exp,5003,5003,500.3,500.3,0.0,"[5003, 5050]","[5003, 5050]"
3,1,1,historical-rotation,2026,10,0.5,historical-exp,4892,4892,489.2,489.2,0.0,"[4892, 4987]","[4892, 4987]"
4,1,1,historical-rotation,2027,10,0.5,historical-exp,4939,4939,493.9,493.9,0.0,"[4939, 5009]","[4939, 5009]"
5,1,1,historical-rotation,2028,10,0.5,historical-exp,4905,4905,490.5,490.5,0.0,"[4978, 4905]","[4978, 4905]"
6,1,1,historical-rotation,2029,10,0.5,historical-exp,4918,4918,491.8,491.8,0.0,"[4996, 4918]","[4996, 4918]"
7,1,1,historical-rotation,2030,10,0.5,historical-exp,4879,4879,487.9,487.9,0.0,"[4879, 4919]","[4879, 4919]"
8,1,1,historical-rotation,2031,10,0.5,historical-exp,4921,4921,492.1,492.1,0.0,"[4955, 4921]","[4955, 4921]"
9,1,1,historical-rotation,2032,10,0.5,historical-exp,4915,4915,491.5,491.5,0.0,"[4974, 4915]","[4974, 4915]"
0,5,0,none,2023,10,5.0,historical-exp,4557,4557,455.7,455.7,0.0,[4557],[4557]
1,5,0,none,2024,10,5.0,historical-exp,4511,4511,451.1,451.1,0.0,[4511],[4511]
2,5,0,none,2025,10,5.0,historical-exp,4588,4588,458.8,458.8,0.0,[4588],[4588]
3,5,0,none,2026,10,5.0,historical-exp,4501,4501,450.1,450.1,0.0,[4501],[4501]
4,5,0,none,2027,10,5.0,historical-exp,4548,4548,454.8,454.8,0.0,[4548],[4548]
5,5,0,none,2028,10,5.0,historical-exp,4524,4524,452.4,452.4,0.0,[4524],[4524]
6,5,0,none,2029,10,5.0,historical-exp,4562,4562,456.2,456.2,0.0,[4562],[4562]
7,5,0,none,2030,10,5.0,historical-exp,4564,4564,456.4,456.4,0.0,[4564],[4564]
8,5,0,none,2031,10,5.0,historical-exp,4648,4648,464.8,464.8,0.0,[4648],[4648]
9,5,0,none,2032,10,5.0,historical-exp,4500,4500,450.0,450.0,0.0,[4500],[4500]
0,5,0,historical-rotation,2023,10,5.0,historical-exp,4586,4595,458.6,459.5,0.001958650707290533,[4586],[4595]
1,5,0,historical-rotation,2024,10,5.0,historical-exp,4497,4508,449.7,450.8,0.0024401064773735583,[4497],[4508]
2,5,0,historical-rotation,2025,10,5.0,historical-exp,4521,4536,452.1,453.6,0.0033068783068783067,[4521],[4536]
3,5,0,historical-rotation,2026,10,5.0,historical-exp,4502,4509,450.2,450.9,0.0015524506542470614,[4502],[4509]
4,5,0,historical-rotation,2027,10,5.0,historical-exp,4564,4572,456.4,457.2,0.0017497812773403325,[4564],[4572]
5,5,0,historical-rotation,2028,10,5.0,historical-exp,4468,4485,446.8,448.5,0.00379041248606466,[4468],[4485]
6,5,0,historical-rotation,2029,10,5.0,historical-exp,4553,4561,455.3,456.1,0.0017540013155009867,[4553],[4561]
7,5,0,historical-rotation,2030,10,5.0,historical-exp,4529,4535,452.9,453.5,0.001323042998897464,[4529],[4535]
8,5,0,historical-rotation,2031,10,5.0,historical-exp,4573,4582,457.3,458.2,0.001964207769532955,[4573],[4582]
9,5,0,historical-rotation,2032,10,5.0,historical-exp,4441,4452,444.1,445.2,0.0024707996406109615,[4441],[4452]
0,5,1,none,2023,10,2.5,historical-exp,4789,4789,478.9,478.9,0.0,"[4789, 4810]","[4789, 4810]"
1,5,1,none,2024,10,2.5,historical-exp,4763,4763,476.3,476.3,0.0,"[4763, 4785]","[4763, 4785]"
2,5,1,none,2025,10,2.5,historical-exp,4698,4698,469.8,469.8,0.0,"[4797, 4698]","[4797, 4698]"
3,5,1,none,2026,10,2.5,historical-exp,4656,4656,465.6,465.6,0.0,"[4656, 4717]","[4656, 4717]"
4,5,1,none,2027,10,2.5,historical-exp,4763,4763,476.3,476.3,0.0,"[4763, 4816]","[4763, 4816]"
5,5,1,none,2028,10,2.5,historical-exp,4733,4733,473.3,473.3,0.0,"[4749, 4733]","[4749, 4733]"
6,5,1,none,2029,10,2.5,historical-exp,4703,4703,470.3,470.3,0.0,"[4703, 4795]","[4703, 4795]"
7,5,1,none,2030,10,2.5,historical-exp,4678,4678,467.8,467.8,0.0,"[4678, 4719]","[4678, 4719]"
8,5,1,none,2031,10,2.5,historical-exp,4694,4694,469.4,469.4,0.0,"[4787, 4694]","[4787, 4694]"
9,5,1,none,2032,10,2.5,historical-exp,4723,4723,472.3,472.3,0.0,"[4723, 4928]","[4723, 4928]"
0,5,1,historical-rotation,2023,10,2.5,historical-exp,4748,4754,474.8,475.4,0.0008403361344537816,"[4748, 4764]","[4754, 4766]"
1,5,1,historical-rotation,2024,10,2.5,historical-exp,4769,4772,476.9,477.2,0.00041480866950119257,"[4769, 4870]","[4772, 4871]"
2,5,1,historical-rotation,2025,10,2.5,historical-exp,4750,4753,475.0,475.3,0.000943594044873139,"[4750, 4779]","[4753, 4785]"
3,5,1,historical-rotation,2026,10,2.5,historical-exp,4721,4721,472.1,472.1,0.00031436655139893113,"[4721, 4819]","[4721, 4822]"
4,5,1,historical-rotation,2027,10,2.5,historical-exp,4729,4732,472.9,473.2,0.0006329781622534023,"[4744, 4729]","[4747, 4732]"
5,5,1,historical-rotation,2028,10,2.5,historical-exp,4734,4737,473.4,473.7,0.0005264266161297116,"[4759, 4734]","[4761, 4737]"
6,5,1,historical-rotation,2029,10,2.5,historical-exp,4668,4670,466.8,467.0,0.00042269893268519497,"[4791, 4668]","[4793, 4670]"
7,5,1,historical-rotation,2030,10,2.5,historical-exp,4652,4654,465.2,465.4,0.0005288766659614978,"[4652, 4797]","[4654, 4800]"
8,5,1,historical-rotation,2031,10,2.5,historical-exp,4721,4722,472.1,472.2,0.0003125325554745286,"[4875, 4721]","[4877, 4722]"
9,5,1,historical-rotation,2032,10,2.5,historical-exp,4726,4733,472.6,473.3,0.0008389261744966443,"[4802, 4726]","[4803, 4733]"
0,10,0,none,2023,10,10.0,historical-exp,4145,4145,414.5,414.5,0.0,[4145],[4145]
1,10,0,none,2024,10,10.0,historical-exp,4116,4116,411.6,411.6,0.0,[4116],[4116]
2,10,0,none,2025,10,10.0,historical-exp,4100,4100,410.0,410.0,0.0,[4100],[4100]
3,10,0,none,2026,10,10.0,historical-exp,4082,4082,408.2,408.2,0.0,[4082],[4082]
4,10,0,none,2027,10,10.0,historical-exp,4101,4101,410.1,410.1,0.0,[4101],[4101]
5,10,0,none,2028,10,10.0,historical-exp,4044,4044,404.4,404.4,0.0,[4044],[4044]
6,10,0,none,2029,10,10.0,historical-exp,4124,4124,412.4,412.4,0.0,[4124],[4124]
7,10,0,none,2030,10,10.0,historical-exp,4080,4080,408.0,408.0,0.0,[4080],[4080]
8,10,0,none,2031,10,10.0,historical-exp,4049,4049,404.9,404.9,0.0,[4049],[4049]
9,10,0,none,2032,10,10.0,historical-exp,4090,4090,409.0,409.0,0.0,[4090],[4090]
0,10,0,historical-rotation,2023,10,10.0,historical-exp,4081,4118,408.1,411.8,0.008984944147644487,[4081],[4118]
1,10,0,historical-rotation,2024,10,10.0,historical-exp,4019,4054,401.9,405.4,0.00863344844597928,[4019],[4054]
2,10,0,historical-rotation,2025,10,10.0,historical-exp,4037,4070,403.7,407.0,0.008108108108108109,[4037],[4070]
3,10,0,historical-rotation,2026,10,10.0,historical-exp,4085,4113,408.5,411.3,0.006807682956479455,[4085],[4113]
4,10,0,historical-rotation,2027,10,10.0,historical-exp,4038,4071,403.8,407.1,0.008106116433308769,[4038],[4071]
5,10,0,historical-rotation,2028,10,10.0,historical-exp,4027,4060,402.7,406.0,0.00812807881773399,[4027],[4060]
6,10,0,historical-rotation,2029,10,10.0,historical-exp,4023,4055,402.3,405.5,0.007891491985203452,[4023],[4055]
7,10,0,historical-rotation,2030,10,10.0,historical-exp,4054,4089,405.4,408.9,0.008559550012227928,[4054],[4089]
8,10,0,historical-rotation,2031,10,10.0,historical-exp,4081,4113,408.1,411.3,0.007780209093119377,[4081],[4113]
9,10,0,historical-rotation,2032,10,10.0,historical-exp,4002,4033,400.2,403.3,0.007686585668237045,[4002],[4033]
0,10,1,none,2023,10,5.0,historical-exp,4555,4555,455.5,455.5,0.0,"[4555, 4586]","[4555, 4586]"
1,10,1,none,2024,10,5.0,historical-exp,4405,4405,440.5,440.5,0.0,"[4405, 4635]","[4405, 4635]"
2,10,1,none,2025,10,5.0,historical-exp,4501,4501,450.1,450.1,0.0,"[4503, 4501]","[4503, 4501]"
3,10,1,none,2026,10,5.0,historical-exp,4506,4506,450.6,450.6,0.0,"[4532, 4506]","[4532, 4506]"
4,10,1,none,2027,10,5.0,historical-exp,4546,4546,454.6,454.6,0.0,"[4591, 4546]","[4591, 4546]"
5,10,1,none,2028,10,5.0,historical-exp,4453,4453,445.3,445.3,0.0,"[4453, 4468]","[4453, 4468]"
6,10,1,none,2029,10,5.0,historical-exp,4499,4499,449.9,449.9,0.0,"[4499, 4560]","[4499, 4560]"
7,10,1,none,2030,10,5.0,historical-exp,4436,4436,443.6,443.6,0.0,"[4525, 4436]","[4525, 4436]"
8,10,1,none,2031,10,5.0,historical-exp,4492,4492,449.2,449.2,0.0,"[4492, 4620]","[4492, 4620]"
9,10,1,none,2032,10,5.0,historical-exp,4466,4466,446.6,446.6,0.0,"[4478, 4466]","[4478, 4466]"
0,10,1,historical-rotation,2023,10,5.0,historical-exp,4431,4447,443.1,444.7,0.00286154523442659,"[4629, 4431]","[4639, 4447]"
1,10,1,historical-rotation,2024,10,5.0,historical-exp,4544,4554,454.4,455.4,0.001973684210526316,"[4558, 4544]","[4566, 4554]"
2,10,1,historical-rotation,2025,10,5.0,historical-exp,4500,4508,450.0,450.8,0.0017704990594223746,"[4521, 4500]","[4529, 4508]"
3,10,1,historical-rotation,2026,10,5.0,historical-exp,4503,4516,450.3,451.6,0.0027621257319633188,"[4503, 4523]","[4516, 4535]"
4,10,1,historical-rotation,2027,10,5.0,historical-exp,4410,4419,441.0,441.9,0.002031832035218422,"[4410, 4431]","[4419, 4440]"
5,10,1,historical-rotation,2028,10,5.0,historical-exp,4515,4522,451.5,452.2,0.001658008179507019,"[4517, 4515]","[4525, 4522]"
6,10,1,historical-rotation,2029,10,5.0,historical-exp,4520,4530,452.0,453.0,0.001859345947719567,"[4606, 4520]","[4613, 4530]"
7,10,1,historical-rotation,2030,10,5.0,historical-exp,4445,4454,444.5,445.4,0.0021167557932263814,"[4512, 4445]","[4522, 4454]"
8,10,1,historical-rotation,2031,10,5.0,historical-exp,4482,4496,448.2,449.6,0.0026533996683250414,"[4539, 4482]","[4549, 4496]"
9,10,1,historical-rotation,2032,10,5.0,historical-exp,4536,4544,453.6,454.4,0.0022991022553098314,"[4577, 4536]","[4590, 4544]"
0,50,0,none,2023,10,50.0,historical-exp,1834,1834,183.4,183.4,0.0,[1834],[1834]
1,50,0,none,2024,10,50.0,historical-exp,1826,1826,182.6,182.6,0.0,[1826],[1826]
2,50,0,none,2025,10,50.0,historical-exp,1816,1816,181.6,181.6,0.0,[1816],[1816]
3,50,0,none,2026,10,50.0,historical-exp,1874,1874,187.4,187.4,0.0,[1874],[1874]
4,50,0,none,2027,10,50.0,historical-exp,1893,1893,189.3,189.3,0.0,[1893],[1893]
5,50,0,none,2028,10,50.0,historical-exp,1862,1862,186.2,186.2,0.0,[1862],[1862]
6,50,0,none,2029,10,50.0,historical-exp,1805,1805,180.5,180.5,0.0,[1805],[1805]
7,50,0,none,2030,10,50.0,historical-exp,1787,1787,178.7,178.7,0.0,[1787],[1787]
8,50,0,none,2031,10,50.0,historical-exp,1806,1806,180.6,180.6,0.0,[1806],[1806]
9,50,0,none,2032,10,50.0,historical-exp,1773,1773,177.3,177.3,0.0,[1773],[1773]
0,50,0,historical-rotation,2023,10,50.0,historical-exp,1546,1882,154.6,188.2,0.1785334750265675,[1546],[1882]
1,50,0,historical-rotation,2024,10,50.0,historical-exp,1541,1908,154.1,190.8,0.19234800838574423,[1541],[1908]
2,50,0,historical-rotation,2025,10,50.0,historical-exp,1530,1848,153.0,184.8,0.17207792207792208,[1530],[1848]
3,50,0,historical-rotation,2026,10,50.0,historical-exp,1502,1810,150.2,181.0,0.17016574585635358,[1502],[1810]
4,50,0,historical-rotation,2027,10,50.0,historical-exp,1538,1896,153.8,189.6,0.18881856540084388,[1538],[1896]
5,50,0,historical-rotation,2028,10,50.0,historical-exp,1476,1813,147.6,181.3,0.18587975730832873,[1476],[1813]
6,50,0,historical-rotation,2029,10,50.0,historical-exp,1515,1839,151.5,183.9,0.1761827079934747,[1515],[1839]
7,50,0,historical-rotation,2030,10,50.0,historical-exp,1509,1844,150.9,184.4,0.1816702819956616,[1509],[1844]
8,50,0,historical-rotation,2031,10,50.0,historical-exp,1555,1861,155.5,186.1,0.16442772702847933,[1555],[1861]
9,50,0,historical-rotation,2032,10,50.0,historical-exp,1468,1805,146.8,180.5,0.18670360110803325,[1468],[1805]
0,50,1,none,2023,10,25.0,historical-exp,3024,3024,302.4,302.4,0.0,"[3044, 3024]","[3044, 3024]"
1,50,1,none,2024,10,25.0,historical-exp,2961,2961,296.1,296.1,0.0,"[2961, 3031]","[2961, 3031]"
2,50,1,none,2025,10,25.0,historical-exp,2996,2996,299.6,299.6,0.0,"[3052, 2996]","[3052, 2996]"
3,50,1,none,2026,10,25.0,historical-exp,2991,2991,299.1,299.1,0.0,"[2991, 3009]","[2991, 3009]"
4,50,1,none,2027,10,25.0,historical-exp,3002,3002,300.2,300.2,0.0,"[3002, 3126]","[3002, 3126]"
5,50,1,none,2028,10,25.0,historical-exp,2930,2930,293.0,293.0,0.0,"[3040, 2930]","[3040, 2930]"
6,50,1,none,2029,10,25.0,historical-exp,3025,3025,302.5,302.5,0.0,"[3025, 3118]","[3025, 3118]"
7,50,1,none,2030,10,25.0,historical-exp,3026,3026,302.6,302.6,0.0,"[3049, 3026]","[3049, 3026]"
8,50,1,none,2031,10,25.0,historical-exp,3045,3045,304.5,304.5,0.0,"[3053, 3045]","[3053, 3045]"
9,50,1,none,2032,10,25.0,historical-exp,3038,3038,303.8,303.8,0.0,"[3086, 3038]","[3086, 3038]"
0,50,1,historical-rotation,2023,10,25.0,historical-exp,2830,2997,283.0,299.7,0.05583167660702452,"[2869, 2830]","[3039, 2997]"
1,50,1,historical-rotation,2024,10,25.0,historical-exp,2899,3058,289.9,305.8,0.05064724919093851,"[2899, 2968]","[3058, 3122]"
2,50,1,historical-rotation,2025,10,25.0,historical-exp,2775,2919,277.5,291.9,0.05297004569301066,"[2775, 2821]","[2919, 2990]"
3,50,1,historical-rotation,2026,10,25.0,historical-exp,2839,2977,283.9,297.7,0.046608753758770466,"[2868, 2839]","[3009, 2977]"
4,50,1,historical-rotation,2027,10,25.0,historical-exp,2896,3064,289.6,306.4,0.053824824661556026,"[2896, 2905]","[3064, 3067]"
5,50,1,historical-rotation,2028,10,25.0,historical-exp,2950,3079,295.0,307.9,0.04235637779941578,"[2951, 2950]","[3083, 3079]"
6,50,1,historical-rotation,2029,10,25.0,historical-exp,2788,2939,278.8,293.9,0.04777123633305298,"[2788, 2873]","[2939, 3006]"
7,50,1,historical-rotation,2030,10,25.0,historical-exp,2815,2953,281.5,295.3,0.044855761213940304,"[2913, 2815]","[3044, 2953]"
8,50,1,historical-rotation,2031,10,25.0,historical-exp,2855,3008,285.5,300.8,0.05202879581151833,"[2855, 2939]","[3008, 3104]"
9,50,1,historical-rotation,2032,10,25.0,historical-exp,2873,3026,287.3,302.6,0.047439264609323704,"[2930, 2873]","[3066, 3026]"
0,100,0,none,2023,10,100.0,historical-exp,702,702,70.2,70.2,0.0,[702],[702]
1,100,0,none,2024,10,100.0,historical-exp,668,668,66.8,66.8,0.0,[668],[668]
2,100,0,none,2025,10,100.0,historical-exp,684,684,68.4,68.4,0.0,[684],[684]
3,100,0,none,2026,10,100.0,historical-exp,652,652,65.2,65.2,0.0,[652],[652]
4,100,0,none,2027,10,100.0,historical-exp,713,713,71.3,71.3,0.0,[713],[713]
5,100,0,none,2028,10,100.0,historical-exp,680,680,68.0,68.0,0.0,[680],[680]
6,100,0,none,2029,10,100.0,historical-exp,700,700,70.0,70.0,0.0,[700],[700]
7,100,0,none,2030,10,100.0,historical-exp,638,638,63.8,63.8,0.0,[638],[638]
8,100,0,none,2031,10,100.0,historical-exp,703,703,70.3,70.3,0.0,[703],[703]
9,100,0,none,2032,10,100.0,historical-exp,682,682,68.2,68.2,0.0,[682],[682]
0,100,0,historical-rotation,2023,10,100.0,historical-exp,335,684,33.5,68.4,0.5102339181286549,[335],[684]
1,100,0,historical-rotation,2024,10,100.0,historical-exp,366,683,36.6,68.3,0.46412884333821375,[366],[683]
2,100,0,historical-rotation,2025,10,100.0,historical-exp,330,642,33.0,64.2,0.48598130841121495,[330],[642]
3,100,0,historical-rotation,2026,10,100.0,historical-exp,359,690,35.9,69.0,0.4797101449275362,[359],[690]
4,100,0,historical-rotation,2027,10,100.0,historical-exp,344,700,34.4,70.0,0.5085714285714286,[344],[700]
5,100,0,historical-rotation,2028,10,100.0,historical-exp,322,653,32.2,65.3,0.5068912710566615,[322],[653]
6,100,0,historical-rotation,2029,10,100.0,historical-exp,339,666,33.9,66.6,0.49099099099099097,[339],[666]
7,100,0,historical-rotation,2030,10,100.0,historical-exp,362,709,36.2,70.9,0.4894217207334274,[362],[709]
8,100,0,historical-rotation,2031,10,100.0,historical-exp,303,627,30.3,62.7,0.5167464114832536,[303],[627]
9,100,0,historical-rotation,2032,10,100.0,historical-exp,313,640,31.3,64.0,0.5109375,[313],[640]
0,100,1,none,2023,10,50.0,historical-exp,1819,1819,181.9,181.9,0.0,"[1819, 1866]","[1819, 1866]"
1,100,1,none,2024,10,50.0,historical-exp,1812,1812,181.2,181.2,0.0,"[1812, 1890]","[1812, 1890]"
2,100,1,none,2025,10,50.0,historical-exp,1825,1825,182.5,182.5,0.0,"[1825, 1868]","[1825, 1868]"
3,100,1,none,2026,10,50.0,historical-exp,1840,1840,184.0,184.0,0.0,"[1846, 1840]","[1846, 1840]"
4,100,1,none,2027,10,50.0,historical-exp,1849,1849,184.9,184.9,0.0,"[1849, 1908]","[1849, 1908]"
5,100,1,none,2028,10,50.0,historical-exp,1777,1777,177.7,177.7,0.0,"[1777, 1857]","[1777, 1857]"
6,100,1,none,2029,10,50.0,historical-exp,1861,1861,186.1,186.1,0.0,"[1864, 1861]","[1864, 1861]"
7,100,1,none,2030,10,50.0,historical-exp,1866,1866,186.6,186.6,0.0,"[1866, 1892]","[1866, 1892]"
8,100,1,none,2031,10,50.0,historical-exp,1796,1796,179.6,179.6,0.0,"[1882, 1796]","[1882, 1796]"
9,100,1,none,2032,10,50.0,historical-exp,1792,1792,179.2,179.2,0.0,"[1909, 1792]","[1909, 1792]"
0,100,1,historical-rotation,2023,10,50.0,historical-exp,1489,1859,148.9,185.9,0.18826666666666667,"[1555, 1489]","[1891, 1859]"
1,100,1,historical-rotation,2024,10,50.0,historical-exp,1485,1813,148.5,181.3,0.18191721132897604,"[1485, 1519]","[1813, 1859]"
2,100,1,historical-rotation,2025,10,50.0,historical-exp,1527,1872,152.7,187.2,0.18893887271765017,"[1538, 1527]","[1907, 1872]"
3,100,1,historical-rotation,2026,10,50.0,historical-exp,1509,1829,150.9,182.9,0.18084250067078078,"[1544, 1509]","[1898, 1829]"
4,100,1,historical-rotation,2027,10,50.0,historical-exp,1469,1823,146.9,182.3,0.18970117395944502,"[1469, 1568]","[1823, 1925]"
5,100,1,historical-rotation,2028,10,50.0,historical-exp,1499,1842,149.9,184.2,0.18401937046004843,"[1499, 1534]","[1842, 1875]"
6,100,1,historical-rotation,2029,10,50.0,historical-exp,1498,1831,149.8,183.1,0.17856180985725828,"[1552, 1498]","[1882, 1831]"
7,100,1,historical-rotation,2030,10,50.0,historical-exp,1505,1828,150.5,182.8,0.1784940411700975,"[1505, 1528]","[1828, 1864]"
8,100,1,historical-rotation,2031,10,50.0,historical-exp,1502,1817,150.2,181.7,0.17447274719255,"[1502, 1512]","[1817, 1834]"
9,100,1,historical-rotation,2032,10,50.0,historical-exp,1522,1857,152.2,185.7,0.17292225201072386,"[1522, 1563]","[1857, 1873]"
0,150,0,none,2023,10,150.0,historical-exp,267,267,26.7,26.7,0.0,[267],[267]
1,150,0,none,2024,10,150.0,historical-exp,257,257,25.7,25.7,0.0,[257],[257]
2,150,0,none,2025,10,150.0,historical-exp,259,259,25.9,25.9,0.0,[259],[259]
3,150,0,none,2026,10,150.0,historical-exp,271,271,27.1,27.1,0.0,[271],[271]
4,150,0,none,2027,10,150.0,historical-exp,255,255,25.5,25.5,0.0,[255],[255]
5,150,0,none,2028,10,150.0,historical-exp,246,246,24.6,24.6,0.0,[246],[246]
6,150,0,none,2029,10,150.0,historical-exp,254,254,25.4,25.4,0.0,[254],[254]
7,150,0,none,2030,10,150.0,historical-exp,264,264,26.4,26.4,0.0,[264],[264]
8,150,0,none,2031,10,150.0,historical-exp,243,243,24.3,24.3,0.0,[243],[243]
9,150,0,none,2032,10,150.0,historical-exp,244,244,24.4,24.4,0.0,[244],[244]
0,150,0,historical-rotation,2023,10,150.0,historical-exp,103,259,10.3,25.9,0.6023166023166023,[103],[259]
1,150,0,historical-rotation,2024,10,150.0,historical-exp,98,257,9.8,25.7,0.6186770428015564,[98],[257]
2,150,0,historical-rotation,2025,10,150.0,historical-exp,110,239,11.0,23.9,0.5397489539748954,[110],[239]
3,150,0,historical-rotation,2026,10,150.0,historical-exp,105,259,10.5,25.9,0.5945945945945946,[105],[259]
4,150,0,historical-rotation,2027,10,150.0,historical-exp,115,270,11.5,27.0,0.5740740740740741,[115],[270]
5,150,0,historical-rotation,2028,10,150.0,historical-exp,83,224,8.3,22.4,0.6294642857142857,[83],[224]
6,150,0,historical-rotation,2029,10,150.0,historical-exp,105,259,10.5,25.9,0.5945945945945946,[105],[259]
7,150,0,historical-rotation,2030,10,150.0,historical-exp,101,282,10.1,28.2,0.6418439716312057,[101],[282]
8,150,0,historical-rotation,2031,10,150.0,historical-exp,100,238,10.0,23.8,0.5798319327731093,[100],[238]
9,150,0,historical-rotation,2032,10,150.0,historical-exp,89,221,8.9,22.1,0.5972850678733032,[89],[221]
0,150,1,none,2023,10,75.0,historical-exp,1162,1162,116.2,116.2,0.0,"[1168, 1162]","[1168, 1162]"
1,150,1,none,2024,10,75.0,historical-exp,1084,1084,108.4,108.4,0.0,"[1084, 1121]","[1084, 1121]"
2,150,1,none,2025,10,75.0,historical-exp,1098,1098,109.8,109.8,0.0,"[1121, 1098]","[1121, 1098]"
3,150,1,none,2026,10,75.0,historical-exp,1068,1068,106.8,106.8,0.0,"[1068, 1149]","[1068, 1149]"
4,150,1,none,2027,10,75.0,historical-exp,1161,1161,116.1,116.1,0.0,"[1166, 1161]","[1166, 1161]"
5,150,1,none,2028,10,75.0,historical-exp,1084,1084,108.4,108.4,0.0,"[1104, 1084]","[1104, 1084]"
6,150,1,none,2029,10,75.0,historical-exp,1122,1122,112.2,112.2,0.0,"[1131, 1122]","[1131, 1122]"
7,150,1,none,2030,10,75.0,historical-exp,1078,1078,107.8,107.8,0.0,"[1156, 1078]","[1156, 1078]"
8,150,1,none,2031,10,75.0,historical-exp,1104,1104,110.4,110.4,0.0,"[1181, 1104]","[1181, 1104]"
9,150,1,none,2032,10,75.0,historical-exp,1066,1066,106.6,106.6,0.0,"[1111, 1066]","[1111, 1066]"
0,150,1,historical-rotation,2023,10,75.0,historical-exp,738,1121,73.8,112.1,0.3438444924406048,"[781, 738]","[1194, 1121]"
1,150,1,historical-rotation,2024,10,75.0,historical-exp,755,1124,75.5,112.4,0.33132270573028866,"[797, 755]","[1197, 1124]"
2,150,1,historical-rotation,2025,10,75.0,historical-exp,713,1072,71.3,107.2,0.34865725989986346,"[718, 713]","[1125, 1072]"
3,150,1,historical-rotation,2026,10,75.0,historical-exp,698,1100,69.8,110.0,0.3665924276169265,"[724, 698]","[1145, 1100]"
4,150,1,historical-rotation,2027,10,75.0,historical-exp,682,1065,68.2,106.5,0.3697632058287796,"[682, 702]","[1065, 1131]"
5,150,1,historical-rotation,2028,10,75.0,historical-exp,739,1110,73.9,111.0,0.32973459289248763,"[739, 751]","[1110, 1113]"
6,150,1,historical-rotation,2029,10,75.0,historical-exp,746,1113,74.6,111.3,0.32966064345526663,"[775, 746]","[1156, 1113]"
7,150,1,historical-rotation,2030,10,75.0,historical-exp,746,1087,74.6,108.7,0.3291479820627803,"[746, 750]","[1087, 1143]"
8,150,1,historical-rotation,2031,10,75.0,historical-exp,691,1068,69.1,106.8,0.3514760147601476,"[691, 715]","[1068, 1100]"
9,150,1,historical-rotation,2032,10,75.0,historical-exp,699,1083,69.9,108.3,0.3487202925045704,"[699, 726]","[1083, 1105]"
